id,title,context,question,
1,"Jacksonville,_Florida","The area of the modern city of Jacksonville has been inhabited for thousands of years. On Black Hammock Island in the national Timucuan Ecological and Historic Preserve, a University of North Florida team discovered some of the oldest remnants of pottery in the United States, dating to 2500 BC. In the 16th century, the beginning of the historical era, the region was inhabited by the Mocama, a coastal subgroup of the Timucua people. At the time of contact with Europeans, all Mocama villages in present-day Jacksonville were part of the powerful chiefdom known as the Saturiwa, centered around the mouth of the St. Johns River. One early map shows a village called Ossachite at the site of what is now downtown Jacksonville; this may be the earliest recorded name for that area.",Who discovered pottery found on Black Hammock Island?,
2,Super_Bowl_50,"Denver took the opening kickoff and started out strong with Peyton Manning completing an 18-yard pass to tight end Owen Daniels and a 22-yard throw to receiver Andre Caldwell. A pair of carries by C. J. Anderson moved the ball up 20 yards to the Panthers 14-yard line, but Carolina's defense dug in over the next three plays. First, linebacker Shaq Thompson tackled Ronnie Hillman for a 3-yard loss. Then after an incompletion, Thomas Davis tackled Anderson for a 1-yard gain on third down, forcing Denver to settle for a 3–0 lead on a Brandon McManus 34-yard field goal. The score marked the first time in the entire postseason that Carolina was facing a deficit.",Who was at the receiving end of a 22-yard pass from Peyton Manning?,
3,Prime_number,"After the Greeks, little happened with the study of prime numbers until the 17th century. In 1640 Pierre de Fermat stated (without proof) Fermat's little theorem (later proved by Leibniz and Euler). Fermat also conjectured that all numbers of the form 22n + 1 are prime (they are called Fermat numbers) and he verified this up to n = 4 (or 216 + 1). However, the very next Fermat number 232 + 1 is composite (one of its prime factors is 641), as Euler discovered later, and in fact no further Fermat numbers are known to be prime. The French monk Marin Mersenne looked at primes of the form 2p − 1, with p a prime. They are called Mersenne primes in his honor.",Of what form do Mersenne primes take?,
4,United_Methodist_Church,"Historically, the Methodist Church has supported the temperance movement. John Wesley warned against the dangers of drinking in his famous sermon, ""The Use of Money,"" and in his letter to an alcoholic. At one time, Methodist ministers had to take a pledge not to drink and encouraged their congregations to do the same. Today the United Methodist Church states that it ""affirms our long-standing support of abstinence from alcohol as a faithful witness to God's liberating and redeeming love for persons."" In fact, the United Methodist Church uses unfermented grape juice in the sacrament of Holy Communion, thus ""expressing pastoral concern for recovering alcoholics, enabling the participation of children and youth, and supporting the church's witness of abstinence."" Moreover, in 2011 and 2012, The United Methodist Church's General Board of Church and Society called on all United Methodists to abstain from alcohol for Lent.",What does the United Methodist Church use in the sacrament of the Holy Communion?,
5,Scottish_Parliament,"Whilst the permanent building at Holyrood was being constructed, the Parliament's temporary home was the General Assembly Hall of the Church of Scotland on the Royal Mile in Edinburgh. Official photographs and television interviews were held in the courtyard adjoining the Assembly Hall, which is part of the School of Divinity of the University of Edinburgh. This building was vacated twice to allow for the meeting of the Church's General Assembly. In May 2000, the Parliament was temporarily relocated to the former Strathclyde Regional Council debating chamber in Glasgow, and to the University of Aberdeen in May 2002.",Where were interviews held while the parliament was in its temporary building?,
6,Oxygen,"Oxygen condenses at 90.20 K (−182.95 °C, −297.31 °F), and freezes at 54.36 K (−218.79 °C, −361.82 °F). Both liquid and solid O
2 are clear substances with a light sky-blue color caused by absorption in the red (in contrast with the blue color of the sky, which is due to Rayleigh scattering of blue light). High-purity liquid O
2 is usually obtained by the fractional distillation of liquefied air. Liquid oxygen may also be produced by condensation out of air, using liquid nitrogen as a coolant. It is a highly reactive substance and must be segregated from combustible materials.",At what temperature will oxygen condense?,
7,Packet_switching,"Packet switching contrasts with another principal networking paradigm, circuit switching, a method which pre-allocates dedicated network bandwidth specifically for each communication session, each having a constant bit rate and latency between nodes. In cases of billable services, such as cellular communication services, circuit switching is characterized by a fee per unit of connection time, even when no data is transferred, while packet switching may be characterized by a fee per unit of information transmitted, such as characters, packets, or messages.",What is circuit switching characterized by,
8,1973_oil_crisis,"Some buyers lamented the small size of the first Japanese compacts, and both Toyota and Nissan (then known as Datsun) introduced larger cars such as the Toyota Corona Mark II, the Toyota Cressida, the Mazda 616 and Datsun 810, which added passenger space and amenities such as air conditioning, power steering, AM-FM radios, and even power windows and central locking without increasing the price of the vehicle. A decade after the 1973 oil crisis, Honda, Toyota and Nissan, affected by the 1981 voluntary export restraints, opened US assembly plants and established their luxury divisions (Acura, Lexus and Infiniti, respectively) to distinguish themselves from their mass-market brands.",Name a luxury division of Toyota.,
9,Chloroplast,"Curiously, around half of the protein products of transferred genes aren't even targeted back to the chloroplast. Many became exaptations, taking on new functions like participating in cell division, protein routing, and even disease resistance. A few chloroplast genes found new homes in the mitochondrial genome—most became nonfunctional pseudogenes, though a few tRNA genes still work in the mitochondrion. Some transferred chloroplast DNA protein products get directed to the secretory pathway (though it should be noted that many secondary plastids are bounded by an outermost membrane derived from the host's cell membrane, and therefore topologically outside of the cell, because to reach the chloroplast from the cytosol, you have to cross the cell membrane, just like if you were headed for the extracellular space. In those cases, chloroplast-targeted proteins do initially travel along the secretory pathway).",What is the status of most chloroplast genes in the mitochondrion?,
10,Scottish_Parliament,"Parliamentary time is also set aside for question periods in the debating chamber. A ""General Question Time"" takes place on a Thursday between 11:40 a.m. and 12 p.m. where members can direct questions to any member of the Scottish Government. At 2.30pm, a 40-minute long themed ""Question Time"" takes place, where members can ask questions of ministers in departments that are selected for questioning that sitting day, such as health and justice or education and transport. Between 12 p.m. and 12:30 p.m. on Thursdays, when Parliament is sitting, First Minister's Question Time takes place. This gives members an opportunity to question the First Minister directly on issues under their jurisdiction. Opposition leaders ask a general question of the First Minister and then supplementary questions. Such a practice enables a ""lead-in"" to the questioner, who then uses their supplementary question to ask the First Minister any issue. The four general questions available to opposition leaders are:",How many general questions are available to opposition leaders?,
11,Construction,"Large-scale construction requires collaboration across multiple disciplines. An architect normally manages the job, and a construction manager, design engineer, construction engineer or project manager supervises it. For the successful execution of a project, effective planning is essential. Those involved with the design and execution of the infrastructure in question must consider zoning requirements, the environmental impact of the job, the successful scheduling, budgeting, construction-site safety, availability and transportation of building materials, logistics, inconvenience to the public caused by construction delays and bidding, etc. The largest construction projects are referred to as megaprojects.",What is essential for the successful execution of a project?,
12,Sky_(United_Kingdom),"BSkyB's digital service was officially launched on 1 October 1998 under the name Sky Digital, although small-scale tests were carried out before then. At this time the use of the Sky Digital brand made an important distinction between the new service and Sky's analogue services. Key selling points were the improvement in picture and sound quality, increased number of channels and an interactive service branded Open.... now called Sky Active, BSkyB competed with the ONdigital (later ITV Digital) terrestrial offering and cable services. Within 30 days, over 100,000 digiboxes had been sold, which help bolstered BSkyB's decision to give away free digiboxes and minidishes from May 1999.",Who did BSkyB compete with initially?,
13,Economic_inequality,"A job where there are many workers willing to work a large amount of time (high supply) competing for a job that few require (low demand) will result in a low wage for that job. This is because competition between workers drives down the wage. An example of this would be jobs such as dish-washing or customer service. Competition amongst workers tends to drive down wages due to the expendable nature of the worker in relation to his or her particular job. A job where there are few able or willing workers (low supply), but a large need for the positions (high demand), will result in high wages for that job. This is because competition between employers for employees will drive up the wage. Examples of this would include jobs that require highly developed skills, rare abilities, or a high level of risk. Competition amongst employers tends to drive up wages due to the nature of the job, since there is a relative shortage of workers for the particular position. Professional and labor organizations may limit the supply of workers which results in higher demand and greater incomes for members. Members may also receive higher wages through collective bargaining, political influence, or corruption.",What can lead to higher wages for members of labor organizations?,
14,Harvard_University,"Harvard has been highly ranked by many university rankings. In particular, it has consistently topped the Academic Ranking of World Universities (ARWU) since 2003, and the THE World Reputation Rankings since 2011, when the first time such league tables were published. When the QS and Times were published in partnership as the THE-QS World University Rankings during 2004-2009, Harvard had also been regarded the first in every year. The University's undergraduate program has been continuously among the top two in the U.S. News & World Report. In 2014, Harvard topped the University Ranking by Academic Performance (URAP). It was ranked 8th on the 2013-2014 PayScale College Salary Report and 14th on the 2013 PayScale College Education Value Rankings. From a poll done by The Princeton Review, Harvard is the second most commonly named ""dream college"", both for students and parents in 2013, and was the first nominated by parents in 2009. In 2011, the Mines ParisTech : Professional Ranking World Universities ranked Harvard 1st university in the world in terms of number of alumni holding CEO position in Fortune Global 500 companies.",Starting in what year has Harvard topped the Academic Rankings of World Universities?,
15,Ctenophora,"Ctenophora (/tᵻˈnɒfərə/; singular ctenophore, /ˈtɛnəfɔːr/ or /ˈtiːnəfɔːr/; from the Greek κτείς kteis 'comb' and φέρω pherō 'carry'; commonly known as comb jellies) is a phylum of animals that live in marine waters worldwide. Their most distinctive feature is the ‘combs’ – groups of cilia which they use for swimming – they are the largest animals that swim by means of cilia. Adults of various species range from a few millimeters to 1.5 m (4 ft 11 in) in size. Like cnidarians, their bodies consist of a mass of jelly, with one layer of cells on the outside and another lining the internal cavity. In ctenophores, these layers are two cells deep, while those in cnidarians are only one cell deep. Some authors combined ctenophores and cnidarians in one phylum, Coelenterata, as both groups rely on water flow through the body cavity for both digestion and respiration. Increasing awareness of the differences persuaded more recent authors to classify them as separate phyla.",What are Ctenophora commonly known as?,
16,Force,"For certain physical scenarios, it is impossible to model forces as being due to gradient of potentials. This is often due to macrophysical considerations that yield forces as arising from a macroscopic statistical average of microstates. For example, friction is caused by the gradients of numerous electrostatic potentials between the atoms, but manifests as a force model that is independent of any macroscale position vector. Nonconservative forces other than friction include other contact forces, tension, compression, and drag. However, for any sufficiently detailed description, all these forces are the results of conservative ones since each of these macroscopic forces are the net results of the gradients of microscopic potentials.",What do electrostatic gradiient potentials create?,
17,French_and_Indian_War,"The war in North America officially ended with the signing of the Treaty of Paris on 10 February 1763, and war in the European theatre of the Seven Years' War was settled by the Treaty of Hubertusburg on 15 February 1763. The British offered France the choice of surrendering either its continental North American possessions east of the Mississippi or the Caribbean islands of Guadeloupe and Martinique, which had been occupied by the British. France chose to cede the former, but was able to negotiate the retention of Saint Pierre and Miquelon, two small islands in the Gulf of St. Lawrence, along with fishing rights in the area. They viewed the economic value of the Caribbean islands' sugar cane to be greater and easier to defend than the furs from the continent. The contemporaneous French philosopher Voltaire referred to Canada disparagingly as nothing more than a few acres of snow. The British, for their part, were happy to take New France, as defence of their North American colonies would no longer be an issue and also because they already had ample places from which to obtain sugar. Spain, which traded Florida to Britain to regain Cuba, also gained Louisiana, including New Orleans, from France in compensation for its losses. Great Britain and Spain also agreed that navigation on the Mississippi River was to be open to vessels of all nations.",What choice did French have for surrendering land?,
18,American_Broadcasting_Company,"Daniel Burke departed from Capital Cities/ABC in February 1994, with Thomas Murphy taking over as president before ceding control to Robert Iger. September 1994 saw the debut of NYPD Blue, a gritty police procedural from Steven Bochco (who created Doogie Howser, M.D. and the critically pilloried Cop Rock for ABC earlier in the decade); lasting ten seasons, the drama became known for its boundary pushing of network television standards (particularly its occasional use of graphic language and rear nudity), which led some affiliates to initially refuse to air the show in its first season.",Who departed as president of Capital Cities/ABC in 1994?,
19,University_of_Chicago,"The first buildings of the University of Chicago campus, which make up what is now known as the Main Quadrangles, were part of a ""master plan"" conceived by two University of Chicago trustees and plotted by Chicago architect Henry Ives Cobb. The Main Quadrangles consist of six quadrangles, each surrounded by buildings, bordering one larger quadrangle. The buildings of the Main Quadrangles were designed by Cobb, Shepley, Rutan and Coolidge, Holabird & Roche, and other architectural firms in a mixture of the Victorian Gothic and Collegiate Gothic styles, patterned on the colleges of the University of Oxford. (Mitchell Tower, for example, is modeled after Oxford's Magdalen Tower, and the university Commons, Hutchinson Hall, replicates Christ Church Hall.)",The Mitchell Tower is designed to look like what Oxford tower?,
20,Prime_number,"There are infinitely many primes, as demonstrated by Euclid around 300 BC. There is no known simple formula that separates prime numbers from composite numbers. However, the distribution of primes, that is to say, the statistical behaviour of primes in the large, can be modelled. The first result in that direction is the prime number theorem, proven at the end of the 19th century, which says that the probability that a given, randomly chosen number n is prime is inversely proportional to its number of digits, or to the logarithm of n.",How many prime numbers exist?,
21,Kenya,"In the motor rallying arena, Kenya is home to the world famous Safari Rally, commonly acknowledged as one of the toughest rallies in the world. It was a part of the World Rally Championship for many years until its exclusion after the 2002 event owing to financial difficulties. Some of the best rally drivers in the world have taken part in and won the rally, such as Björn Waldegård, Hannu Mikkola, Tommi Mäkinen, Shekhar Mehta, Carlos Sainz and Colin McRae. Although the rally still runs annually as part of the Africa rally championship, the organisers are hoping to be allowed to rejoin the World Rally championship in the next couple of years.",Who are some of the best rally drivers that have won the rally?,
22,Kenya,"The vast majority of Kenyans are Christian (83%), with 47.7% regarding themselves as Protestant and 23.5% as Roman Catholic of the Latin Rite. The Presbyterian Church of East Africa has 3 million followers in Kenya and the surrounding countries. There are smaller conservative Reformed churches, the Africa Evangelical Presbyterian Church, the Independent Presbyterian Church in Kenya, and the Reformed Church of East Africa. 621,200 of Kenyans are Orthodox Christians. Notably, Kenya has the highest number of Quakers in the world, with around 133,000 members. The only Jewish synagogue in the country is located in the capital, Nairobi.",What is the main denomination of Christians in Kenya?,
23,Kenya,"In 2007, the Kenyan government unveiled Vision 2030, an economic development programme it hopes will put the country in the same league as the Asian Economic Tigers by the year 2030. In 2013, it launched a National Climate Change Action Plan, having acknowledged that omitting climate as a key development issue in Vision 2030 was an oversight. The 200-page Action Plan, developed with support from the Climate & Development Knowledge Network, sets out the Government of Kenya's vision for a 'low carbon climate resilient development pathway'. At the launch in March 2013, the Secretary of the Ministry of Planning, National Development and Vision 2030 emphasised that climate will be a central issue in the renewed Medium Term Plan that will be launched in the coming months. This will create a direct and robust delivery framework for the Action Plan and ensure climate change is treated as an economy-wide issue.",Why did Vision 2030 add the NCCAP?,
24,Islamism,"The path of violence and military struggle was then taken up by the Egyptian Islamic Jihad organization responsible for the assassination of Anwar Sadat in 1981. Unlike earlier anti-colonial movements the extremist group directed its attacks against what it believed were ""apostate"" leaders of Muslim states, leaders who held secular leanings or who had introduced or promoted Western/foreign ideas and practices into Islamic societies. Its views were outlined in a pamphlet written by Muhammad Abd al-Salaam Farag, in which he states:",When did the Egyptian Islamic Jihad assassinate Anwar Sadat?,
25,Victoria_and_Albert_Museum,"The main gallery was redesigned in 1994, the glass balustrade on the staircase and mezzanine are the work of Danny Lane, the gallery covering contemporary glass opened in 2004 and the sacred silver and stained-glass gallery in 2005. In this latter gallery stained glass is displayed alongside silverware starting in the 12th century and continuing to the present. Some of the most outstanding stained glass, dated 1243–48 comes from the Sainte-Chapelle, is displayed along with other examples in the new Medieval & Renaissance galleries. The important 13th-century glass beaker known as the Luck of Edenhall is also displayed in these galleries. Examples of British stained glass are displayed in the British Galleries. One of the most spectacular items in the collection is the chandelier by Dale Chihuly in the rotunda at the Museum's main entrance.",When was the main gallery for the V&A's contemporary glass collection opened?,
26,Genghis_Khan,"As a result, by 1206 Temüjin had managed to unite or subdue the Merkits, Naimans, Mongols, Keraites, Tatars, Uyghurs, and other disparate smaller tribes under his rule. It was a monumental feat for the ""Mongols"" (as they became known collectively). At a Khuruldai, a council of Mongol chiefs, Temüjin was acknowledged as ""Khan"" of the consolidated tribes and took the new title ""Genghis Khan"". The title Khagan was not conferred on Genghis until after his death, when his son and successor, Ögedei, took the title for himself and extended it posthumously to his father (as he was also to be posthumously declared the founder of the Yuan dynasty). This unification of all confederations by Genghis Khan established peace between previously warring tribes and a single political and military force under Genghis Khan.","By what year had Temüjin created a significant ""Mongol"" tribal alliance?",
27,Apollo_program,"Apollo 8 was planned to be the D mission in December 1968, crewed by McDivitt, Scott and Schweickart, launched on a Saturn V instead of two Saturn IBs. In the summer it had become clear that the LM would not be ready in time. Rather than waste the Saturn V on another simple Earth-orbiting mission, ASPO Manager George Low suggested the bold step of sending Apollo 8 to orbit the Moon instead, deferring the D mission to the next mission in March 1969, and eliminating the E mission. This would keep the program on track. The Soviet Union had sent animals around the Moon on September 15, 1968, aboard Zond 5, and it was believed they might soon repeat the feat with human cosmonauts. The decision was not announced publicly until successful completion of Apollo 7. Gemini veterans Frank Borman and James Lovell, and rookie William Anders captured the world's attention by making 10 lunar orbits in 20 hours, transmitting television pictures of the lunar surface on Christmas Eve, and returning safely to Earth.",What type of Saturn was originally going to be used for Apollo 8?,
28,Newcastle_upon_Tyne,"The earliest known movie featuring some exterior scenes filmed in the city is On the Night of the Fire (1939), though by and large the action is studio-bound. Later came The Clouded Yellow (1951) and Payroll (1961), both of which feature more extensive scenes filmed in the city. The 1971 film Get Carter was shot on location in and around Newcastle and offers an opportunity to see what Newcastle looked like in the 1960s and early 1970s. The city was also backdrop to another gangster film, the 1988 film noir thriller Stormy Monday, directed by Mike Figgis and starring Tommy Lee Jones, Melanie Griffith, Sting and Sean Bean.",Who directed Stormy Monday?,
29,Nikola_Tesla,"During his time at his lab, Tesla observed unusual signals from his receiver which he concluded may be communications from another planet. He mentioned them in a letter to reporter Julian Hawthorne at the Philadelphia North American on 8 December 1899 and in a December 1900 letter about possible discoveries in the new century to the Red Cross Society where he referred to messages ""from another world"" that read ""1... 2... 3..."". Reporters treated it as a sensational story and jumped to the conclusion Tesla was hearing signals from Mars. He expanded on the signals he heard in a 9 February 1901 Collier's Weekly article ""Talking With Planets"" where he said it had not been immediately apparent to him that he was hearing ""intelligently controlled signals"" and that the signals could come from Mars, Venus, or other planets. It has been hypothesized that he may have intercepted Marconi's European experiments in July 1899—Marconi may have transmitted the letter S (dot/dot/dot) in a naval demonstration, the same three impulses that Tesla hinted at hearing in Colorado—or signals from another experimenter in wireless transmission.",What planet did the reporters decide the signals were from?,
30,European_Union_law,"The European Commission is the main executive body of the European Union. Article 17(1) of the Treaty on European Union states the Commission should ""promote the general interest of the Union"" while Article 17(3) adds that Commissioners should be ""completely independent"" and not ""take instructions from any Government"". Under article 17(2), ""Union legislative acts may only be adopted on the basis of a Commission proposal, except where the Treaties provide otherwise."" This means that the Commission has a monopoly on initiating the legislative procedure, although the Council is the ""de facto catalyst of many legislative initiatives"". The Parliament can also formally request the Commission to submit a legislative proposal but the Commission can reject such a suggestion, giving reasons. The Commission's President (currently an ex-Luxembourg Prime Minister, Jean-Claude Juncker) sets the agenda for the EU's work. Decisions are taken by a simple majority vote, usually through a ""written procedure"" of circulating the proposals and adopting if there are no objections.[citation needed] Since Ireland refused to consent to changes in the Treaty of Lisbon 2007, there remains one Commissioner for each of the 28 member states, including the President and the High Representative for Foreign and Security Policy (currently Federica Mogherini). The Commissioners (and most importantly, the portfolios they will hold) are bargained over intensively by the member states. The Commissioners, as a block, are then subject to a qualified majority vote of the Council to approve, and majority approval of the Parliament. The proposal to make the Commissioners be drawn from the elected Parliament, was not adopted in the Treaty of Lisbon. This means Commissioners are, through the appointment process, the unelected subordinates of member state governments.","For each of the 28 member states, how many Commissioner's are represented for each one?",
31,Pharmacy,"In Ancient Greece, Diocles of Carystus (4th century BC) was one of several men studying the medicinal properties of plants. He wrote several treatises on the topic. The Greek physician Pedanius Dioscorides is famous for writing a five volume book in his native Greek Περί ύλης ιατρικής in the 1st century AD. The Latin translation De Materia Medica (Concerning medical substances) was used a basis for many medieval texts, and was built upon by many middle eastern scientists during the Islamic Golden Age. The title coined the term materia medica.",What is the name of the Latin translation of Dioscorides' book?,
32,Nikola_Tesla,"In 1893 Richard Dean Adams, who headed up the Niagara Falls Cataract Construction Company sought Tesla's opinion on what system would be best to transmit power generated at the falls. Over several years there had been a series of proposals and open competitions on how best to utilize power generated by the falls with many systems being proposed by several US and European companies including two-phase and three-phase AC, high-voltage DC, and even compressed air. Adams pumped Tesla for information about the current state of all the competing systems. Tesla advised Adams that a two-phased system would be the most reliable and that there was a Westinghouse system to light incandescent bulbs using two-phase alternating current. Based on Tesla's advice and Westinghouse's demonstration that they could build a complete AC system at the Columbian Exposition, a contract for building a two-phase AC generating system at the Niagara Falls was awarded to Westinghouse Electric. A further contract to build the AC distribution system was awarded to General Electric.",Who headed the Niagara Falls Cataract Construction Company in 1893?,
33,Geology,"The development of plate tectonics provided a physical basis for many observations of the solid Earth. Long linear regions of geologic features could be explained as plate boundaries. Mid-ocean ridges, high regions on the seafloor where hydrothermal vents and volcanoes exist, were explained as divergent boundaries, where two plates move apart. Arcs of volcanoes and earthquakes were explained as convergent boundaries, where one plate subducts under another. Transform boundaries, such as the San Andreas fault system, resulted in widespread powerful earthquakes. Plate tectonics also provided a mechanism for Alfred Wegener's theory of continental drift, in which the continents move across the surface of the Earth over geologic time. They also provided a driving force for crustal deformation, and a new setting for the observations of structural geology. The power of the theory of plate tectonics lies in its ability to combine all of these observations into a single theory of how the lithosphere moves over the convecting mantle.",The lithosphere moves over which mantle n the theory of plate tectonics?,
34,Rhine,"In World War II, it was recognised that the Rhine would present a formidable natural obstacle to the invasion of Germany, by the Western Allies. The Rhine bridge at Arnhem, immortalized in the book, A Bridge Too Far and the film, was a central focus of the battle for Arnhem, during the failed Operation Market Garden of September 1944. The bridges at Nijmegen, over the Waal distributary of the Rhine, were also an objective of Operation Market Garden. In a separate operation, the Ludendorff Bridge, crossing the Rhine at Remagen, became famous, when U.S. forces were able to capture it intact – much to their own surprise – after the Germans failed to demolish it. This also became the subject of a film, The Bridge at Remagen. Seven Days to the River Rhine was a Warsaw Pact war plan for an invasion of Western Europe during the Cold War.",What was the Rhine considered to invaders in WWII?,
35,American_Broadcasting_Company,"Edward John Noble, the owner of Life Savers candy, drugstore chain Rexall and New York City radio station WMCA, purchased the network for $8 million. Due to FCC ownership rules, the transaction, which was to include the purchase of three RCA stations by Noble, would require him to resell his station with the FCC's approval. The Commission authorized the transaction on October 12, 1943. Soon afterward, the Blue Network was purchased by the new company Noble founded, the American Broadcasting System. Noble subsequently acquired the rights to the ""American Broadcasting Company"" name from George B. Storer in 1944; its parent company adopted the corporate name American Broadcasting Companies, Inc. Woods retained his position as president and CEO of ABC until December 1949, and was subsequently promoted to vice-chairman of the board before leaving ABC altogether on June 30, 1951.",When did Mark Woods leave ABC?,
36,Private_school,"In Ireland, private schools (Irish: scoil phríobháideach) are unusual because a certain number of teacher's salaries are paid by the State. If the school wishes to employ extra teachers they are paid for with school fees, which tend to be relatively low in Ireland compared to the rest of the world. There is, however, a limited element of state assessment of private schools, because of the requirement that the state ensure that children receive a certain minimum education; Irish private schools must still work towards the Junior Certificate and the Leaving Certificate, for example. Many private schools in Ireland also double as boarding schools. The average fee is around €5,000 annually for most schools, but some of these schools also provide boarding and the fees may then rise up to €25,000 per year. The fee-paying schools are usually run by a religious order, i.e., the Society of Jesus or Congregation of Christian Brothers, etc.","Along with the Congregation of Christian Brothers, what is a notable religious group that runs fee-paying schools in Ireland?",
37,Economic_inequality,"The capabilities approach – sometimes called the human development approach – looks at income inequality and poverty as form of “capability deprivation”. Unlike neoliberalism, which “defines well-being as utility maximization”, economic growth and income are considered a means to an end rather than the end itself. Its goal is to “wid[en] people’s choices and the level of their achieved well-being” through increasing functionings (the things a person values doing), capabilities (the freedom to enjoy functionings) and agency (the ability to pursue valued goals).",What is the goal of the capabilities approach?,
38,Steam_engine,"In the 1840s and 50s, there were attempts to overcome this problem by means of various patent valve gears with a separate, variable cutoff expansion valve riding on the back of the main slide valve; the latter usually had fixed or limited cutoff. The combined setup gave a fair approximation of the ideal events, at the expense of increased friction and wear, and the mechanism tended to be complicated. The usual compromise solution has been to provide lap by lengthening rubbing surfaces of the valve in such a way as to overlap the port on the admission side, with the effect that the exhaust side remains open for a longer period after cut-off on the admission side has occurred. This expedient has since been generally considered satisfactory for most purposes and makes possible the use of the simpler Stephenson, Joy and Walschaerts motions. Corliss, and later, poppet valve gears had separate admission and exhaust valves driven by trip mechanisms or cams profiled so as to give ideal events; most of these gears never succeeded outside of the stationary marketplace due to various other issues including leakage and more delicate mechanisms.",How is lap provided by overlapping the admission side port?,
39,Victoria_(Australia),"In 1854 at Ballarat there was an armed rebellion against the government of Victoria by miners protesting against mining taxes (the ""Eureka Stockade""). This was crushed by British troops, but the discontents prompted colonial authorities to reform the administration (particularly reducing the hated mining licence fees) and extend the franchise. Within a short time, the Imperial Parliament granted Victoria responsible government with the passage of the Colony of Victoria Act 1855. Some of the leaders of the Eureka rebellion went on to become members of the Victorian Parliament.",When was there a armed protest at Ballarat about mining taxes?,
40,"Jacksonville,_Florida","The tallest building in Downtown Jacksonville's skyline is the Bank of America Tower, constructed in 1990 as the Barnett Center. It has a height of 617 ft (188 m) and includes 42 floors. Other notable structures include the 37-story Wells Fargo Center (with its distinctive flared base making it the defining building in the Jacksonville skyline), originally built in 1972-74 by the Independent Life and Accident Insurance Company, and the 28 floor Riverplace Tower which, when completed in 1967, was the tallest precast, post-tensioned concrete structure in the world.",How tall is the Bank of America Tower?,
41,French_and_Indian_War,"In 1749 the British government gave land to the Ohio Company of Virginia for the purpose of developing trade and settlements in the Ohio Country. The grant required that it settle 100 families in the territory, and construct a fort for their protection. But, as the territory was also claimed by Pennsylvania, both colonies began pushing for action to improve their respective claims. In 1750 Christopher Gist, acting on behalf of both Virginia and the company, explored the Ohio territory and opened negotiations with the Indian tribes at Logstown. He completed the 1752 Treaty of Logstown in which the local Indians, through their ""Half-King"" Tanacharison and an Iroquois representative, agreed to terms that included permission to build a ""strong house"" at the mouth of the Monongahela River (the site of present-day Pittsburgh, Pennsylvania). By the late 17th century, the Iroquois had pushed many tribes out of the Ohio Valley, and kept it as hunting ground by right of conquest.","According to agreement between Iroquois and British, where was a strong house to be built?",
42,Computational_complexity_theory,"For a precise definition of what it means to solve a problem using a given amount of time and space, a computational model such as the deterministic Turing machine is used. The time required by a deterministic Turing machine M on input x is the total number of state transitions, or steps, the machine makes before it halts and outputs the answer (""yes"" or ""no""). A Turing machine M is said to operate within time f(n), if the time required by M on each input of length n is at most f(n). A decision problem A can be solved in time f(n) if there exists a Turing machine operating in time f(n) that solves the problem. Since complexity theory is interested in classifying problems based on their difficulty, one defines sets of problems based on some criteria. For instance, the set of problems solvable within time f(n) on a deterministic Turing machine is then denoted by DTIME(f(n)).",The time required to output an answer on a deterministic Turing machine is expressed as what?,
43,Islamism,"An Islamist movement influenced by Salafism and the jihad in Afghanistan, as well as the Muslim Brotherhood, was the FIS or Front Islamique de Salut (the Islamic Salvation Front) in Algeria. Founded as a broad Islamist coalition in 1989 it was led by Abbassi Madani, and a charismatic Islamist young preacher, Ali Belhadj. Taking advantage of economic failure and unpopular social liberalization and secularization by the ruling leftist-nationalist FLN government, it used its preaching to advocate the establishment of a legal system following Sharia law, economic liberalization and development program, education in Arabic rather than French, and gender segregation, with women staying home to alleviate the high rate of unemployment among young Algerian men. The FIS won sweeping victories in local elections and it was going to win national elections in 1991 when voting was canceled by a military coup d'état.",Where was the FIS formed?,
44,Yuan_dynasty,"The Chinese medical tradition of the Yuan had ""Four Great Schools"" that the Yuan inherited from the Jin dynasty. All four schools were based on the same intellectual foundation, but advocated different theoretical approaches toward medicine. Under the Mongols, the practice of Chinese medicine spread to other parts of the empire. Chinese physicians were brought along military campaigns by the Mongols as they expanded towards the west. Chinese medical techniques such as acupuncture, moxibustion, pulse diagnosis, and various herbal drugs and elixirs were transmitted westward to the Middle East and the rest of the empire. Several medical advances were made in the Yuan period. The physician Wei Yilin (1277–1347) invented a suspension method for reducing dislocated joints, which he performed using anesthetics. The Mongol physician Hu Sihui described the importance of a healthy diet in a 1330 medical treatise.",How did Chinese medicine spread?,
45,Civil_disobedience,"Non-revolutionary civil disobedience is a simple disobedience of laws on the grounds that they are judged ""wrong"" by an individual conscience, or as part of an effort to render certain laws ineffective, to cause their repeal, or to exert pressure to get one's political wishes on some other issue. Revolutionary civil disobedience is more of an active attempt to overthrow a government (or to change cultural traditions, social customs, religious beliefs, etc...revolution doesn't have to be political, i.e. ""cultural revolution"", it simply implies sweeping and widespread change to a section of the social fabric). Gandhi's acts have been described as revolutionary civil disobedience. It has been claimed that the Hungarians under Ferenc Deák directed revolutionary civil disobedience against the Austrian government. Thoreau also wrote of civil disobedience accomplishing ""peaceable revolution."" Howard Zinn, Harvey Wheeler, and others have identified the right espoused in The Declaration of Independence to ""alter or abolish"" an unjust government to be a principle of civil disobedience. ",What group of people performed revolutionary civil disobedience toward the Austrian government?,
46,Chloroplast,"Somewhere around a billion years ago, a free-living cyanobacterium entered an early eukaryotic cell, either as food or as an internal parasite, but managed to escape the phagocytic vacuole it was contained in. The two innermost lipid-bilayer membranes that surround all chloroplasts correspond to the outer and inner membranes of the ancestral cyanobacterium's gram negative cell wall, and not the phagosomal membrane from the host, which was probably lost. The new cellular resident quickly became an advantage, providing food for the eukaryotic host, which allowed it to live within it. Over time, the cyanobacterium was assimilated, and many of its genes were lost or transferred to the nucleus of the host. Some of its proteins were then synthesized in the cytoplasm of the host cell, and imported back into the chloroplast (formerly the cyanobacterium).",What happened when cyanobacteria was assimilated?,
47,Doctor_Who,"Since 1999, Big Finish Productions has released several different series of Doctor Who audios on CD. The earliest of these featured the Fifth, Sixth and Seventh Doctors, with Paul McGann's Eight Doctor joining the line in 2001. Tom Baker's Fourth Doctor began appearing for Big Finish in 2012. Along with the main range, adventures of the First, Second and Third Doctors have been produced in both limited cast and full cast formats, as well as audiobooks. The 2013 series Destiny of the Doctor, produced as part of the series' 50th Anniversary celebrations, marked the first time Big Finish created stories (in this case audiobooks) featuring the Doctors from the revived show.",What series featured Doctors from the revised version of Doctor Who?,
48,Warsaw,"The flora of the city may be considered very rich in species. The species richness is mainly due to the location of Warsaw within the border region of several big floral regions comprising substantial proportions of close-to-wilderness areas (natural forests, wetlands along the Vistula) as well as arable land, meadows and forests. Bielany Forest, located within the borders of Warsaw, is the remaining part of the Masovian Primeval Forest. Bielany Forest nature reserve is connected with Kampinos Forest. It is home to rich fauna and flora. Within the forest there are three cycling and walking trails. Other big forest area is Kabaty Forest by the southern city border. Warsaw has also two botanic gardens: by the Łazienki park (a didactic-research unit of the University of Warsaw) as well as by the Park of Culture and Rest in Powsin (a unit of the Polish Academy of Science).",Why is Warsaw's flora very rich in species?,
49,Ctenophora,"The outer surface bears usually eight comb rows, called swimming-plates, which are used for swimming. The rows are oriented to run from near the mouth (the ""oral pole"") to the opposite end (the ""aboral pole""), and are spaced more or less evenly around the body, although spacing patterns vary by species and in most species the comb rows extend only part of the distance from the aboral pole towards the mouth. The ""combs"" (also called ""ctenes"" or ""comb plates"") run across each row, and each consists of thousands of unusually long cilia, up to 2 millimeters (0.079 in). Unlike conventional cilia and flagella, which has a filament structure arranged in a 9 + 2 pattern, these cilia are arranged in a 9 + 3 pattern, where the extra compact filament is suspected to have a supporting function. These normally beat so that the propulsion stroke is away from the mouth, although they can also reverse direction. Hence ctenophores usually swim in the direction in which the mouth is pointing, unlike jellyfish. When trying to escape predators, one species can accelerate to six times its normal speed; some other species reverse direction as part of their escape behavior, by reversing the power stroke of the comb plate cilia.",Combs are called what?,
50,Oxygen,"In 1891 Scottish chemist James Dewar was able to produce enough liquid oxygen to study. The first commercially viable process for producing liquid oxygen was independently developed in 1895 by German engineer Carl von Linde and British engineer William Hampson. Both men lowered the temperature of air until it liquefied and then distilled the component gases by boiling them off one at a time and capturing them. Later, in 1901, oxyacetylene welding was demonstrated for the first time by burning a mixture of acetylene and compressed O
2. This method of welding and cutting metal later became common.",When was liquid oxygen developed for commercial use?,
51,European_Union_law,"Today, the Treaty of Lisbon prohibits anti-competitive agreements in Article 101(1), including price fixing. According to Article 101(2) any such agreements are automatically void. Article 101(3) establishes exemptions, if the collusion is for distributional or technological innovation, gives consumers a ""fair share"" of the benefit and does not include unreasonable restraints that risk eliminating competition anywhere (or compliant with the general principle of European Union law of proportionality). Article 102 prohibits the abuse of dominant position, such as price discrimination and exclusive dealing. Article 102 allows the European Council to regulations to govern mergers between firms (the current regulation is the Regulation 139/2004/EC). The general test is whether a concentration (i.e. merger or acquisition) with a community dimension (i.e. affects a number of EU member states) might significantly impede effective competition. Articles 106 and 107 provide that member state's right to deliver public services may not be obstructed, but that otherwise public enterprises must adhere to the same competition principles as companies. Article 107 lays down a general rule that the state may not aid or subsidise private parties in distortion of free competition and provides exemptions for charities, regional development objectives and in the event of a natural disaster.",Which articles state that the member states' rights to deliver public services may not be obstructed?,
52,Immune_system,"The immune system protects organisms from infection with layered defenses of increasing specificity. In simple terms, physical barriers prevent pathogens such as bacteria and viruses from entering the organism. If a pathogen breaches these barriers, the innate immune system provides an immediate, but non-specific response. Innate immune systems are found in all plants and animals. If pathogens successfully evade the innate response, vertebrates possess a second layer of protection, the adaptive immune system, which is activated by the innate response. Here, the immune system adapts its response during an infection to improve its recognition of the pathogen. This improved response is then retained after the pathogen has been eliminated, in the form of an immunological memory, and allows the adaptive immune system to mount faster and stronger attacks each time this pathogen is encountered.",What allows the adaptive immune system to react faster and more strongly each subsequent time a pathogen is encountered?,
53,Newcastle_upon_Tyne,"The Literary and Philosophical Society of Newcastle upon Tyne (popularly known as the 'Lit & Phil') is the largest independent library outside London, housing more than 150,000 books. Its music library contains 8000 CDs and 10,000 LPs. The current Lit and Phil premises were built in 1825 and the building was designed by John and Benjamin Green. Operating since 1793 and founded as a ‘conversation club,’ its lecture theatre was the first public building to be lit by electric light, during a lecture by Joseph Swan on 20 October 1880.",What was the first public building to be lit by electric light in Newcastle?,
54,Apollo_program,"Apollo ran from 1961 to 1972, and was supported by the two-man Gemini program which ran concurrently with it from 1962 to 1966. Gemini missions developed some of the space travel techniques that were necessary for the success of the Apollo missions. Apollo used Saturn family rockets as launch vehicles. Apollo/Saturn vehicles were also used for an Apollo Applications Program, which consisted of Skylab, a space station that supported three manned missions in 1973–74, and the Apollo–Soyuz Test Project, a joint Earth orbit mission with the Soviet Union in 1975.",Who did the U.S. collaborate with on an Earth orbit mission in 1975?,
55,Packet_switching,"Baran developed the concept of distributed adaptive message block switching during his research at the RAND Corporation for the US Air Force into survivable communications networks, first presented to the Air Force in the summer of 1961 as briefing B-265, later published as RAND report P-2626 in 1962, and finally in report RM 3420 in 1964. Report P-2626 described a general architecture for a large-scale, distributed, survivable communications network. The work focuses on three key ideas: use of a decentralized network with multiple paths between any two points, dividing user messages into message blocks, later called packets, and delivery of these messages by store and forward switching.",What  things did the network concentrate on ,
56,Imperialism,"During the First Sino-Japanese War in 1894, Japan absorbed Taiwan. As a result of the Russo-Japanese War in 1905, Japan took part of Sakhalin Island from Russia. Korea was annexed in 1910. During World War I, Japan took German-leased territories in China’s Shandong Province, as well as the Mariana, Caroline, and Marshall Islands. In 1918, Japan occupied parts of far eastern Russia and parts of eastern Siberia as a participant in the Siberian Intervention. In 1931 Japan conquered Manchuria from China. During the Second Sino-Japanese War in 1937, Japan's military invaded central China and by the end of the Pacific War, Japan had conquered much of the Far East, including Hong Kong, Vietnam, Cambodia, Myanmar, the Philippines, Indonesia, part of New Guinea and some islands of the Pacific Ocean. Japan also invaded Thailand, pressuring the country into a Thai/Japanese alliance. Its colonial ambitions were ended by the victory of the United States in the Second World War and the following treaties which remanded those territories to American administration or their original owners.",Which area of China did Japan conquer in 1931?,
57,"Jacksonville,_Florida","The tallest building in Downtown Jacksonville's skyline is the Bank of America Tower, constructed in 1990 as the Barnett Center. It has a height of 617 ft (188 m) and includes 42 floors. Other notable structures include the 37-story Wells Fargo Center (with its distinctive flared base making it the defining building in the Jacksonville skyline), originally built in 1972-74 by the Independent Life and Accident Insurance Company, and the 28 floor Riverplace Tower which, when completed in 1967, was the tallest precast, post-tensioned concrete structure in the world.",How many floors are there in the building that was completed in 1967?,
58,Victoria_and_Albert_Museum,"Many famous potters, such as Josiah Wedgwood, William De Morgan and Bernard Leach as well as Mintons & Royal Doulton are represented in the collection. There is an extensive collection of Delftware produced in both Britain and Holland, which includes a circa 1695 flower pyramid over a metre in height. Bernard Palissy has several examples of his work in the collection including dishes, jugs and candlesticks. The largest objects in the collection are a series of elaborately ornamented ceramic stoves from the 16th and 17th centuries, made in Germany and Switzerland. There is an unrivalled collection of Italian maiolica and lustreware from Spain. The collection of Iznik pottery from Turkey is the largest in the world.",The largest objects in the V&A ceramics and glass collection were produced in which countries?,
59,Huguenot,"Other predecessors of the Reformed church included the pro-reform and Gallican Roman Catholics, such as Jacques Lefevre (c. 1455–1536). The Gallicans briefly achieved independence for the French church, on the principle that the religion of France could not be controlled by the Bishop of Rome, a foreign power. During the Protestant Reformation, Lefevre, a professor at the University of Paris, published his French translation of the New Testament in 1523, followed by the whole Bible in the French language in 1530. William Farel was a student of Lefevre who went on to become a leader of the Swiss Reformation, establishing a Protestant government in Geneva. Jean Cauvin (John Calvin), another student at the University of Paris, also converted to Protestantism. Long after the sect was suppressed by Francis I, the remaining French Waldensians, then mostly in the Luberon region, sought to join William Farel, Calvin and the Reformation, and Olivetan published a French Bible for them. The French Confession of 1559 shows a decidedly Calvinistic influence. Sometime between 1550 and 1580, members of the Reformed church in France came to be commonly known as Huguenots.[citation needed]",What other European Protestant leader was educated at the University of Paris?,
60,Teacher,"The role of teacher is often formal and ongoing, carried out at a school or other place of formal education. In many countries, a person who wishes to become a teacher must first obtain specified professional qualifications or credentials from a university or college. These professional qualifications may include the study of pedagogy, the science of teaching. Teachers, like other professionals, may have to continue their education after they qualify, a process known as continuing professional development. Teachers may use a lesson plan to facilitate student learning, providing a course of study which is called the curriculum.",What can a teacher use to help students learn?,
61,University_of_Chicago,"Past faculty have also included Egyptologist James Henry Breasted, mathematician Alberto Calderón, Nobel prize winning economist and classical liberalism defender Friedrich Hayek, meteorologist Ted Fujita, chemists Glenn T. Seaborg, the developer of the actinide concept and Nobel Prize winner Yuan T. Lee, Nobel Prize winning novelist Saul Bellow, political philosopher and author Allan Bloom, cancer researchers Charles Brenton Huggins and Janet Rowley, astronomer Gerard Kuiper, one of the most important figures in the early development of the discipline of linguistics Edward Sapir, and the founder of McKinsey & Co., James O. McKinsey.",Who developed the actinide concept?,
62,Chloroplast,"Chloroplasts have their own ribosomes, which they use to synthesize a small fraction of their proteins. Chloroplast ribosomes are about two-thirds the size of cytoplasmic ribosomes (around 17 nm vs 25 nm). They take mRNAs transcribed from the chloroplast DNA and translate them into protein. While similar to bacterial ribosomes, chloroplast translation is more complex than in bacteria, so chloroplast ribosomes include some chloroplast-unique features. Small subunit ribosomal RNAs in several Chlorophyta and euglenid chloroplasts lack motifs for shine-dalgarno sequence recognition, which is considered essential for translation initiation in most chloroplasts and prokaryotes. Such loss is also rarely observed in other plastids and prokaryotes.",What do chloroplasts use their ribosomes for?,
63,Ctenophora,"Ctenophores may be abundant during the summer months in some coastal locations, but in other places they are uncommon and difficult to find. In bays where they occur in very high numbers, predation by ctenophores may control the populations of small zooplanktonic organisms such as copepods, which might otherwise wipe out the phytoplankton (planktonic plants), which are a vital part of marine food chains. One ctenophore, Mnemiopsis, has accidentally been introduced into the Black Sea, where it is blamed for causing fish stocks to collapse by eating both fish larvae and organisms that would otherwise have fed the fish. The situation was aggravated by other factors, such as over-fishing and long-term environmental changes that promoted the growth of the Mnemiopsis population. The later accidental introduction of Beroe helped to mitigate the problem, as Beroe preys on other ctenophores.",What does  mnemiopsis eat?,
64,Islamism,"Iqbal expressed fears that not only would secularism and secular nationalism weaken the spiritual foundations of Islam and Muslim society, but that India's Hindu-majority population would crowd out Muslim heritage, culture and political influence. In his travels to Egypt, Afghanistan, Palestine and Syria, he promoted ideas of greater Islamic political co-operation and unity, calling for the shedding of nationalist differences. Sir Muhammad Iqbal was elected president of the Muslim League in 1930 at its session in Allahabad as well as for the session in Lahore in 1932. In his Allahabad Address on 29 December 1930, Iqbal outlined a vision of an independent state for Muslim-majority provinces in northwestern India. This address later inspired the Pakistan movement.","When Iqbal promoted ideas of greater Islamic political unity, what did he encourage ending?",
65,1973_oil_crisis,"In 1973, Nixon named William E. Simon as the first Administrator of the Federal Energy Office, a short-term organization created to coordinate the response to the embargo. Simon allocated states the same amount of domestic oil for 1974 that each had consumed in 1972, which worked for states whose populations were not increasing. In other states, lines at gasoline stations were common. The American Automobile Association reported that in the last week of February 1974, 20% of American gasoline stations had no fuel.","According to the AAA, what is the percentage of the gas stations that ran out of gasoline?",
66,Construction,"New techniques of building construction are being researched, made possible by advances in 3D printing technology. In a form of additive building construction, similar to the additive manufacturing techniques for manufactured parts, building printing is making it possible to flexibly construct small commercial buildings and private habitations in around 20 hours, with built-in plumbing and electrical facilities, in one continuous build, using large 3D printers. Working versions of 3D-printing building technology are already printing 2 metres (6 ft 7 in) of building material per hour as of January 2013[update], with the next-generation printers capable of 3.5 metres (11 ft) per hour, sufficient to complete a building in a week. Dutch architect Janjaap Ruijssenaars's performative architecture 3D-printed building is scheduled to be built in 2014.",Dutch architect Janjaap Ruijssenaars's performative architecture 3D-printed building is scheduled to be built when?,
67,Imperialism,"Geographical theories such as environmental determinism also suggested that tropical environments created uncivilized people in need of European guidance. For instance, American geographer Ellen Churchill Semple argued that even though human beings originated in the tropics they were only able to become fully human in the temperate zone. Tropicality can be paralleled with Edward Said’s Orientalism as the west’s construction of the east as the “other”. According to Siad, orientalism allowed Europe to establish itself as the superior and the norm, which justified its dominance over the essentialized Orient.","By justification certain racial and geographical theories, Europe thought of itself as what?",
68,Normans,"The Normans (Norman: Nourmands; French: Normands; Latin: Normanni) were the people who in the 10th and 11th centuries gave their name to Normandy, a region in France. They were descended from Norse (""Norman"" comes from ""Norseman"") raiders and pirates from Denmark, Iceland and Norway who, under their leader Rollo, agreed to swear fealty to King Charles III of West Francia. Through generations of assimilation and mixing with the native Frankish and Roman-Gaulish populations, their descendants would gradually merge with the Carolingian-based cultures of West Francia. The distinct cultural and ethnic identity of the Normans emerged initially in the first half of the 10th century, and it continued to evolve over the succeeding centuries.",In what country is Normandy located?,
69,Yuan_dynasty,"Instability troubled the early years of Kublai Khan's reign. Ogedei's grandson Kaidu refused to submit to Kublai and threatened the western frontier of Kublai's domain. The hostile but weakened Song dynasty remained an obstacle in the south. Kublai secured the northeast border in 1259 by installing the hostage prince Wonjong as the ruler of Korea, making it a Mongol tributary state. Kublai was also threatened by domestic unrest. Li Tan, the son-in-law of a powerful official, instigated a revolt against Mongol rule in 1262. After successfully suppressing the revolt, Kublai curbed the influence of the Han Chinese advisers in his court. He feared that his dependence on Chinese officials left him vulnerable to future revolts and defections to the Song.",Where did Korea border Kublai's territory?,
70,Sky_(United_Kingdom),"BSkyB's standard definition broadcasts are in DVB-compliant MPEG-2, with the Sky Movies and Sky Box Office channels including optional Dolby Digital soundtracks for recent films, although these are only accessible with a Sky+ box. Sky+ HD material is broadcast using MPEG-4 and most of the HD material uses the DVB-S2 standard. Interactive services and 7-day EPG use the proprietary OpenTV system, with set-top boxes including modems for a return path. Sky News, amongst other channels, provides a pseudo-video on demand interactive service by broadcasting looping video streams.",What does most of the HD material use as a standard?,
71,Harvard_University,"The Harvard University Library System is centered in Widener Library in Harvard Yard and comprises nearly 80 individual libraries holding over 18 million volumes. According to the American Library Association, this makes it the largest academic library in the United States, and one of the largest in the world. Cabot Science Library, Lamont Library, and Widener Library are three of the most popular libraries for undergraduates to use, with easy access and central locations. There are rare books, manuscripts and other special collections throughout Harvard's libraries; Houghton Library, the Arthur and Elizabeth Schlesinger Library on the History of Women in America, and the Harvard University Archives consist principally of rare and unique materials. America's oldest collection of maps, gazetteers, and atlases both old and new is stored in Pusey Library and open to the public. The largest collection of East-Asian language material outside of East Asia is held in the Harvard-Yenching Library.",What are the 3 post popular libraries for undergraduates in the Harvard system?,
72,Huguenot,"Some Huguenots fought in the Low Countries alongside the Dutch against Spain during the first years of the Dutch Revolt (1568–1609). The Dutch Republic rapidly became a destination for Huguenot exiles. Early ties were already visible in the ""Apologie"" of William the Silent, condemning the Spanish Inquisition, which was written by his court minister, the Huguenot Pierre L'Oyseleur, lord of Villiers. Louise de Coligny, daughter of the murdered Huguenot leader Gaspard de Coligny, married William the Silent, leader of the Dutch (Calvinist) revolt against Spanish (Catholic) rule. As both spoke French in daily life, their court church in the Prinsenhof in Delft held services in French. The practice has continued to the present day. The Prinsenhof is one of the 14 active Walloon churches of the Dutch Reformed Church. The ties between Huguenots and the Dutch Republic's military and political leadership, the House of Orange-Nassau, which existed since the early days of the Dutch Revolt, helped support the many early settlements of Huguenots in the Dutch Republic's colonies. They settled at the Cape of Good Hope in South Africa and New Netherland in North America.",Who did the Dutch fight in the Dutch Revolt?,
73,Super_Bowl_50,"After each team punted, Panthers quarterback Cam Newton appeared to complete a 24-yard pass Jerricho Cotchery, but the call was ruled an incompletion and upheld after a replay challenge. CBS analyst and retired referee Mike Carey stated he disagreed with the call and felt the review clearly showed the pass was complete. A few plays later, on 3rd-and-10 from the 15-yard line, linebacker Von Miller knocked the ball out of Newton's hands while sacking him, and Malik Jackson recovered it in the end zone for a Broncos touchdown, giving the team a 10–0 lead. This was the first fumble return touchdown in a Super Bowl since Super Bowl XXVIII at the end of the 1993 season.",When is the last time a fumble return touchdown happened in a Super Bowl?,
74,Warsaw,"Warsaw's name in the Polish language is Warszawa, approximately /vɑːrˈʃɑːvə/ (also formerly spelled Warszewa and Warszowa), meaning ""belonging to Warsz"", Warsz being a shortened form of the masculine name of Slavic origin Warcisław; see also etymology of Wrocław. Folk etymology attributes the city name to a fisherman, Wars, and his wife, Sawa. According to legend, Sawa was a mermaid living in the Vistula River with whom Wars fell in love. In actuality, Warsz was a 12th/13th-century nobleman who owned a village located at the modern-day site of Mariensztat neighbourhood. See also the Vršovci family which had escaped to Poland. The official city name in full is miasto stołeczne Warszawa (English: ""The Capital City of Warsaw""). A native or resident of Warsaw is known as a Varsovian – in Polish warszawiak (male), warszawianka (female), warszawiacy (plural).",What is the full official city name of Warsaw?,
75,Southern_California,"Traveling south on Interstate 5, the main gap to continued urbanization is Camp Pendleton. The cities and communities along Interstate 15 and Interstate 215 are so inter-related that Temecula and Murrieta have as much connection with the San Diego metropolitan area as they do with the Inland Empire. To the east, the United States Census Bureau considers the San Bernardino and Riverside County areas, Riverside-San Bernardino area as a separate metropolitan area from Los Angeles County. While many commute to L.A. and Orange Counties, there are some differences in development, as most of San Bernardino and Riverside Counties (the non-desert portions) were developed in the 1980s and 1990s. Newly developed exurbs formed in the Antelope Valley north of Los Angeles, the Victor Valley and the Coachella Valley with the Imperial Valley. Also, population growth was high in the Bakersfield-Kern County, Santa Maria and San Luis Obispo areas.","Other than the 1980s, in which decade did most of San Bernardino and Riverside Counties develop?",
76,Computational_complexity_theory,"A computational problem can be viewed as an infinite collection of instances together with a solution for every instance. The input string for a computational problem is referred to as a problem instance, and should not be confused with the problem itself. In computational complexity theory, a problem refers to the abstract question to be solved. In contrast, an instance of this problem is a rather concrete utterance, which can serve as the input for a decision problem. For example, consider the problem of primality testing. The instance is a number (e.g. 15) and the solution is ""yes"" if the number is prime and ""no"" otherwise (in this case ""no""). Stated another way, the instance is a particular input to the problem, and the solution is the output corresponding to the given input.",What is another name for any given measure of input associated with a problem?,
77,Amazon_rainforest,"The use of remote sensing for the conservation of the Amazon is also being used by the indigenous tribes of the basin to protect their tribal lands from commercial interests. Using handheld GPS devices and programs like Google Earth, members of the Trio Tribe, who live in the rainforests of southern Suriname, map out their ancestral lands to help strengthen their territorial claims. Currently, most tribes in the Amazon do not have clearly defined boundaries, making it easier for commercial ventures to target their territories.",Why do some tribes use remote sensing technology?,
78,Huguenot,"French Huguenots made two attempts to establish a haven in North America. In 1562, naval officer Jean Ribault led an expedition that explored Florida and the present-day Southeastern U.S., and founded the outpost of Charlesfort on Parris Island, South Carolina. The Wars of Religion precluded a return voyage, and the outpost was abandoned. In 1564, Ribault's former lieutenant René Goulaine de Laudonnière launched a second voyage to build a colony; he established Fort Caroline in what is now Jacksonville, Florida. War at home again precluded a resupply mission, and the colony struggled. In 1565 the Spanish decided to enforce their claim to La Florida, and sent Pedro Menéndez de Avilés, who established the settlement of St. Augustine near Fort Caroline. Menéndez' forces routed the French and executed most of the Protestant captives.",When did Ribault first establish a settlement in South Carolina?,
79,Rhine,"A regulation of the Rhine was called for, with an upper canal near Diepoldsau and a lower canal at Fußach, in order to counteract the constant flooding and strong sedimentation in the western Rhine Delta. The Dornbirner Ach had to be diverted, too, and it now flows parallel to the canalized Rhine into the lake. Its water has a darker color than the Rhine; the latter's lighter suspended load comes from higher up the mountains. It is expected that the continuous input of sediment into the lake will silt up the lake. This has already happened to the former Lake Tuggenersee.","Besides constant flooding, why else was there regulation of the Rhine?",
80,Southern_California,"Traveling south on Interstate 5, the main gap to continued urbanization is Camp Pendleton. The cities and communities along Interstate 15 and Interstate 215 are so inter-related that Temecula and Murrieta have as much connection with the San Diego metropolitan area as they do with the Inland Empire. To the east, the United States Census Bureau considers the San Bernardino and Riverside County areas, Riverside-San Bernardino area as a separate metropolitan area from Los Angeles County. While many commute to L.A. and Orange Counties, there are some differences in development, as most of San Bernardino and Riverside Counties (the non-desert portions) were developed in the 1980s and 1990s. Newly developed exurbs formed in the Antelope Valley north of Los Angeles, the Victor Valley and the Coachella Valley with the Imperial Valley. Also, population growth was high in the Bakersfield-Kern County, Santa Maria and San Luis Obispo areas.","Other than the San Diego metropolitan area, what other area are the communities along Interstates 15 and 215 connected with?",
81,Super_Bowl_50,"The Panthers offense, which led the NFL in scoring (500 points), was loaded with talent, boasting six Pro Bowl selections. Pro Bowl quarterback Cam Newton had one of his best seasons, throwing for 3,837 yards and rushing for 636, while recording a career-high and league-leading 45 total touchdowns (35 passing, 10 rushing), a career-low 10 interceptions, and a career-best quarterback rating of 99.4. Newton's leading receivers were tight end Greg Olsen, who caught a career-high 77 passes for 1,104 yards and seven touchdowns, and wide receiver Ted Ginn, Jr., who caught 44 passes for 739 yards and 10 touchdowns; Ginn also rushed for 60 yards and returned 27 punts for 277 yards. Other key receivers included veteran Jerricho Cotchery (39 receptions for 485 yards), rookie Devin Funchess (31 receptions for 473 yards and five touchdowns), and second-year receiver Corey Brown (31 receptions for 447 yards). The Panthers backfield featured Pro Bowl running back Jonathan Stewart, who led the team with 989 rushing yards and six touchdowns in 13 games, along with Pro Bowl fullback Mike Tolbert, who rushed for 256 yards and caught 18 passes for another 154 yards. Carolina's offensive line also featured two Pro Bowl selections: center Ryan Kalil and guard Trai Turner.",How many Offensive players from the Panthers were selected to play in the Pro Bowl?,
82,Martin_Luther,"He later attributed his decision to an event: on 2 July 1505, he was returning to university on horseback after a trip home. During a thunderstorm, a lightning bolt struck near him. Later telling his father he was terrified of death and divine judgment, he cried out, ""Help! Saint Anna, I will become a monk!"" He came to view his cry for help as a vow he could never break. He left law school, sold his books, and entered a closed Augustinian cloister in Erfurt on 17 July 1505. One friend blamed the decision on Luther's sadness over the deaths of two friends. Luther himself seemed saddened by the move. Those who attended a farewell supper walked him to the door of the Black Cloister. ""This day you see me, and then, not ever again,"" he said. His father was furious over what he saw as a waste of Luther's education.",What did Martin Luther fear after a lightening bolt struck near him?,
83,Intergovernmental_Panel_on_Climate_Change,"Former IPCC chairman Robert Watson has said ""The mistakes all appear to have gone in the direction of making it seem like climate change is more serious by overstating the impact. That is worrying. The IPCC needs to look at this trend in the errors and ask why it happened"". Martin Parry, a climate expert who had been co-chair of the IPCC working group II, said that ""What began with a single unfortunate error over Himalayan glaciers has become a clamour without substance"" and the IPCC had investigated the other alleged mistakes, which were ""generally unfounded and also marginal to the assessment"".",What was the verdict on other alleged errors?,
84,American_Broadcasting_Company,"In the early 1970s, ABC completed its transition to color; the decade as a whole would mark a turning point for ABC, as it began to pass CBS and NBC in the ratings to become the first place network. It also began to use behavioral and demographic data to better determine what types of sponsors to sell advertising slots to and provide programming that would appeal towards certain audiences. ABC's gains in audience share were greatly helped by the fact that several smaller markets had grown large enough to allow full-time affiliations from all three networks.",The 1970s allowed which network to move in to first place in the ratings?,
85,Imperialism,"""The word ‘empire’ comes from the Latin word imperium; for which the closest modern English equivalent would perhaps be ‘sovereignty’, or simply ‘rule’"". The greatest distinction of an empire is through the amount of land that a nation has conquered and expanded. Political power grew from conquering land, however cultural and economic aspects flourished through sea and trade routes. A distinction about empires is ""that although political empires were built mostly by expansion overland, economic and cultural influences spread at least as much by sea"". Some of the main aspects of trade that went overseas consisted of animals and plant products. European empires in Asia and Africa ""have come to be seen as the classic forms of imperialism: and indeed most books on the subject confine themselves to the European seaborne empires"". European expansion caused the world to be divided by how developed and developing nation are portrayed through the world systems theory. The two main regions are the core and the periphery. The core consists of high areas of income and profit; the periphery is on the opposing side of the spectrum consisting of areas of low income and profit. These critical theories of Geo-politics have led to increased discussion of the meaning and impact of imperialism on the modern post-colonial world. The Russian leader Lenin suggested that ""imperialism was the highest form of capitalism, claiming that imperialism developed after colonialism, and was distinguished from colonialism by monopoly capitalism"". This idea from Lenin stresses how important new political world order has become in our modern era. Geopolitics now focuses on states becoming major economic players in the market; some states today are viewed as empires due to their political and economic authority over other nations.",Western Imperialism divided the globe according to which theory?,
86,"Fresno,_California","Passenger rail service is provided by Amtrak San Joaquins. The main passenger rail station is the recently renovated historic Santa Fe Railroad Depot in Downtown Fresno. The Bakersfield-Stockton mainlines of the Burlington Northern Santa Fe Railway and Union Pacific Railroad railroads cross in Fresno, and both railroads maintain railyards within the city; the San Joaquin Valley Railroad also operates former Southern Pacific branchlines heading west and south out of the city. The city of Fresno is planned to serve the future California High Speed Rail.",Where is the Santa Fe Railroad Depot located?,
87,Pharmacy,"In some rural areas in the United Kingdom, there are dispensing physicians who are allowed to both prescribe and dispense prescription-only medicines to their patients from within their practices. The law requires that the GP practice be located in a designated rural area and that there is also a specified, minimum distance (currently 1.6 kilometres) between a patient's home and the nearest retail pharmacy. This law also exists in Austria for general physicians if the nearest pharmacy is more than 4 kilometers away, or where none is registered in the city.",What is another country that permits physicians to give out drugs from within their practice?,
88,Oxygen,"Paleoclimatologists measure the ratio of oxygen-18 and oxygen-16 in the shells and skeletons of marine organisms to determine what the climate was like millions of years ago (see oxygen isotope ratio cycle). Seawater molecules that contain the lighter isotope, oxygen-16, evaporate at a slightly faster rate than water molecules containing the 12% heavier oxygen-18; this disparity increases at lower temperatures. During periods of lower global temperatures, snow and rain from that evaporated water tends to be higher in oxygen-16, and the seawater left behind tends to be higher in oxygen-18. Marine organisms then incorporate more oxygen-18 into their skeletons and shells than they would in a warmer climate. Paleoclimatologists also directly measure this ratio in the water molecules of ice core samples that are up to several hundreds of thousands of years old.",What group of scientists seek to measure the amounts of oxygen in marine animals?,
89,European_Union_law,"European Union law is a body of treaties and legislation, such as Regulations and Directives, which have direct effect or indirect effect on the laws of European Union member states. The three sources of European Union law are primary law, secondary law and supplementary law. The main sources of primary law are the Treaties establishing the European Union. Secondary sources include regulations and directives which are based on the Treaties. The legislature of the European Union is principally composed of the European Parliament and the Council of the European Union, which under the Treaties may establish secondary law to pursue the objective set out in the Treaties.",What are the three main sources of European Union law?,
90,Geology,"The principle of faunal succession is based on the appearance of fossils in sedimentary rocks. As organisms exist at the same time period throughout the world, their presence or (sometimes) absence may be used to provide a relative age of the formations in which they are found. Based on principles laid out by William Smith almost a hundred years before the publication of Charles Darwin's theory of evolution, the principles of succession were developed independently of evolutionary thought. The principle becomes quite complex, however, given the uncertainties of fossilization, the localization of fossil types due to lateral changes in habitat (facies change in sedimentary strata), and that not all fossils may be found globally at the same time.",The principle of faunal succession was developed 100 years before whose theory of evolution?,
91,Doctor_Who,"Producers introduced the concept of regeneration to permit the recasting of the main character. This was first prompted by original star William Hartnell's poor health. The actual term ""regeneration"" was not initially conceived of until the Doctor's third on-screen regeneration however; Hartnell's Doctor had merely described undergoing a ""renewal,"" and the Second Doctor underwent a ""change of appearance"".[citation needed] The device has allowed for the recasting of the actor various times in the show's history, as well as the depiction of alternative Doctors either from the Doctor's relative past or future.[citation needed]","When was the term ""regeneration"" first used?",
92,Immune_system,"Disorders of the immune system can result in autoimmune diseases, inflammatory diseases and cancer. Immunodeficiency occurs when the immune system is less active than normal, resulting in recurring and life-threatening infections. In humans, immunodeficiency can either be the result of a genetic disease such as severe combined immunodeficiency, acquired conditions such as HIV/AIDS, or the use of immunosuppressive medication. In contrast, autoimmunity results from a hyperactive immune system attacking normal tissues as if they were foreign organisms. Common autoimmune diseases include Hashimoto's thyroiditis, rheumatoid arthritis, diabetes mellitus type 1, and systemic lupus erythematosus. Immunology covers the study of all aspects of the immune system.",What happens when the immune system less active than normal?,
93,Genghis_Khan,"Jochi died in 1226, during his father's lifetime. Some scholars, notably Ratchnevsky, have commented on the possibility that Jochi was secretly poisoned by an order from Genghis Khan. Rashid al-Din reports that the great Khan sent for his sons in the spring of 1223, and while his brothers heeded the order, Jochi remained in Khorasan. Juzjani suggests that the disagreement arose from a quarrel between Jochi and his brothers in the siege of Urgench. Jochi had attempted to protect Urgench from destruction, as it belonged to territory allocated to him as a fief. He concludes his story with the clearly apocryphal statement by Jochi: ""Genghis Khan is mad to have massacred so many people and laid waste so many lands. I would be doing a service if I killed my father when he is hunting, made an alliance with Sultan Muhammad, brought this land to life and gave assistance and support to the Muslims."" Juzjani claims that it was in response to hearing of these plans that Genghis Khan ordered his son secretly poisoned; however, as Sultan Muhammad was already dead in 1223, the accuracy of this story is questionable.",Who did Jochi reportedly enlist to help him stop his father's massacres? ,
94,Private_school,"Ersatzschulen are ordinary primary or secondary schools, which are run by private individuals, private organizations or religious groups. These schools offer the same types of diplomas as public schools. Ersatzschulen lack the freedom to operate completely outside of government regulation. Teachers at Ersatzschulen must have at least the same education and at least the same wages as teachers at public schools, an Ersatzschule must have at least the same academic standards as a public school and Article 7, Paragraph 4 of the Grundgesetz, also forbids segregation of pupils according to the means of their parents (the so-called Sonderungsverbot). Therefore, most Ersatzschulen have very low tuition fees and/or offer scholarships, compared to most other Western European countries. However, it is not possible to finance these schools with such low tuition fees, which is why all German Ersatzschulen are additionally financed with public funds. The percentages of public money could reach 100% of the personnel expenditures. Nevertheless, Private Schools became insolvent in the past in Germany.",How does the level of tuition in German private schools compare to private schools in other Western European countries?,
95,Force,"In modern particle physics, forces and the acceleration of particles are explained as a mathematical by-product of exchange of momentum-carrying gauge bosons. With the development of quantum field theory and general relativity, it was realized that force is a redundant concept arising from conservation of momentum (4-momentum in relativity and momentum of virtual particles in quantum electrodynamics). The conservation of momentum can be directly derived from the homogeneity or symmetry of space and so is usually considered more fundamental than the concept of a force. Thus the currently known fundamental forces are considered more accurately to be ""fundamental interactions"".:199–128 When particle A emits (creates) or absorbs (annihilates) virtual particle B, a momentum conservation results in recoil of particle A making impression of repulsion or attraction between particles A A' exchanging by B. This description applies to all forces arising from fundamental interactions. While sophisticated mathematical descriptions are needed to predict, in full detail, the accurate result of such interactions, there is a conceptually simple way to describe such interactions through the use of Feynman diagrams. In a Feynman diagram, each matter particle is represented as a straight line (see world line) traveling through time, which normally increases up or to the right in the diagram. Matter and anti-matter particles are identical except for their direction of propagation through the Feynman diagram. World lines of particles intersect at interaction vertices, and the Feynman diagram represents any force arising from an interaction as occurring at the vertex with an associated instantaneous change in the direction of the particle world lines. Gauge bosons are emitted away from the vertex as wavy lines and, in the case of virtual particle exchange, are absorbed at an adjacent vertex.",What diagrams are used to simplify particle interactions on a fundamental level?,
96,Civil_disobedience,"One of the oldest depictions of civil disobedience is in Sophocles' play Antigone, in which Antigone, one of the daughters of former King of Thebes, Oedipus, defies Creon, the current King of Thebes, who is trying to stop her from giving her brother Polynices a proper burial. She gives a stirring speech in which she tells him that she must obey her conscience rather than human law. She is not at all afraid of the death he threatens her with (and eventually carries out), but she is afraid of how her conscience will smite her if she does not do this.",Who is Antigone's father in the play?,
97,Intergovernmental_Panel_on_Climate_Change,"The Intergovernmental Panel on Climate Change (IPCC) is a scientific intergovernmental body under the auspices of the United Nations, set up at the request of member governments. It was first established in 1988 by two United Nations organizations, the World Meteorological Organization (WMO) and the United Nations Environment Programme (UNEP), and later endorsed by the United Nations General Assembly through Resolution 43/53. Membership of the IPCC is open to all members of the WMO and UNEP. The IPCC produces reports that support the United Nations Framework Convention on Climate Change (UNFCCC), which is the main international treaty on climate change. The ultimate objective of the UNFCCC is to ""stabilize greenhouse gas concentrations in the atmosphere at a level that would prevent dangerous anthropogenic [i.e., human-induced] interference with the climate system"". IPCC reports cover ""the scientific, technical and socio-economic information relevant to understanding the scientific basis of risk of human-induced climate change, its potential impacts and options for adaptation and mitigation.""",What organization is the IPCC a part of?,
98,Warsaw,"John Paul II's visits to his native country in 1979 and 1983 brought support to the budding solidarity movement and encouraged the growing anti-communist fervor there. In 1979, less than a year after becoming pope, John Paul celebrated Mass in Victory Square in Warsaw and ended his sermon with a call to ""renew the face"" of Poland: Let Thy Spirit descend! Let Thy Spirit descend and renew the face of the land! This land! These words were very meaningful for the Polish citizens who understood them as the incentive for the democratic changes.",Where did John Paul II celebrate Mass in Warsaw?,
99,"Fresno,_California","In the 1970s, the city was the subject of a song, ""Walking Into Fresno"", written by Hall Of Fame guitarist Bill Aken and recorded by Bob Gallion of the world-famous ""WWVA Jamboree"" radio and television show in Wheeling, West Virginia. Aken, adopted by Mexican movie actress Lupe Mayorga, grew up in the neighboring town of Madera and his song chronicled the hardships faced by the migrant farm workers he saw as a child. Aken also made his first TV appearance playing guitar on the old country-western show at The Fresno Barn.","Who recorded ""Walking in Fresno?""",
100,Steam_engine,"A steam turbine consists of one or more rotors (rotating discs) mounted on a drive shaft, alternating with a series of stators (static discs) fixed to the turbine casing. The rotors have a propeller-like arrangement of blades at the outer edge. Steam acts upon these blades, producing rotary motion. The stator consists of a similar, but fixed, series of blades that serve to redirect the steam flow onto the next rotor stage. A steam turbine often exhausts into a surface condenser that provides a vacuum. The stages of a steam turbine are typically arranged to extract the maximum potential work from a specific velocity and pressure of steam, giving rise to a series of variably sized high- and low-pressure stages. Turbines are only efficient if they rotate at relatively high speed, therefore they are usually connected to reduction gearing to drive lower speed applications, such as a ship's propeller. In the vast majority of large electric generating stations, turbines are directly connected to generators with no reduction gearing. Typical speeds are 3600 revolutions per minute (RPM) in the USA with 60 Hertz power, 3000 RPM in Europe and other countries with 50 Hertz electric power systems. In nuclear power applications the turbines typically run at half these speeds, 1800 RPM and 1500 RPM. A turbine rotor is also only capable of providing power when rotating in one direction. Therefore, a reversing stage or gearbox is usually required where power is required in the opposite direction.[citation needed]",What is another term for rotors?,